LIN,GENE,position,reference_nucleotide,alternative_nucleotide
1.1,Rv3915,4404247,G,A
1.2,prsA,1136017,A,G
1.2.1,fas,2847191,G,A
1.3,aftA,4238120,G,A
2.1,prsA,1135798,C,T
2.2,fadD5,195682,C,G
3,pyrG,1925136,G,A
3.1,fadB,958362,C,G
3.2,pknA,17842,G,C
4.1,dnaB,62657,G,A
4.2,valS,2748087,G,A
4.3,thrB,1452071,C,A
4.4,aftA,4238963,C,T
4.5,ccsA,620029,C,T
4.6,pknA,18091,G,A
4.7,vapC30,716918,G,A
4.8,ispE,1130526,G,A
4.9,dnaK,420009,G,A
5,hisD,1799921,C,A
6,fas,2847737,G,A
7,hisD,1799774,C,T
8,Rv1697,1922231,C,A
9,valS,2750052,G,A
bovis,dnaB,62768,A,G

